Distance,Time,Speed
100.0,2.0,50.0
200.0,2.5,80.0
10.5,0.56,18.749999999999996
546.0,25.0,21.84
45.0,3.0,15.0
78.25,6.0,13.041666666666666
21.0,3.0,7.0
565.0,33.0,17.12121212121212
65.0,2.0,32.5
54.0,1.0,54.0
